Education,Marital_Status,Customers,Average_Income,Average_Spend,Response_Rate
2n Cycle,Absurd,34,39136.26,556.79,17.65
2n Cycle,Alone,26,73523.5,709.81,26.92
2n Cycle,Divorced,344,63572.86,748.97,16.57
2n Cycle,Married,2195,42291.89,397.13,9.02
2n Cycle,Single,1285,52277.25,564.21,13.54
2n Cycle,Together,1865,51183.09,554.9,11.58
2n Cycle,Widow,161,56693.3,591.24,14.91
2n Cycle,YOLO,56,57269.98,510.61,12.5
Basic,Absurd,55,36156.73,422.36,12.73
Basic,Alone,23,46434.54,620.13,17.39
Basic,Divorced,64,49473.68,561.06,14.06
Basic,Married,1494,31654.98,294.81,6.83
Basic,Single,912,46827.59,528.05,11.18
Basic,Together,1519,42106.63,455.82,9.94
Basic,Widow,83,48103.53,464.43,9.64
Basic,YOLO,32,46888.12,477.16,15.62
Graduation,Absurd,347,58369.37,694.8,18.73
Graduation,Alone,426,64878.75,782.5,25.59
Graduation,Divorced,2238,71409.19,862.92,20.6
Graduation,Married,5381,58196.67,616.43,14.98
Graduation,Single,4807,64791.81,787.37,18.35
Graduation,Together,6757,64545.35,762.46,15.78
Graduation,Widow,2473,72897.51,807.98,19.05
Graduation,YOLO,312,70738.45,762.5,23.72
Master,Absurd,172,54786.13,621.41,18.6
Master,Alone,101,63511.68,695.31,25.74
Master,Divorced,1054,66670.41,778.42,16.51
Master,Married,2644,49071.86,519.86,10.93
Master,Single,2461,59570.61,732.52,17.19
Master,Together,3709,57342.52,644.89,13.35
Master,Widow,331,66000.14,671.24,18.73
Master,YOLO,58,58166.3,686.59,17.24
PhD,Absurd,125,54685.78,721.85,18.4
PhD,Alone,335,56389.28,604.72,21.49
PhD,Divorced,2759,61407.3,661.21,15.51
PhD,Married,1972,45616.57,459.7,10.6
PhD,Single,2773,52070.6,587.04,14.35
PhD,Together,3853,52256.57,556.28,12.69
PhD,Widow,492,58857.07,576.07,12.4
PhD,YOLO,272,60965.57,604.04,23.16
